Year,GDP-UK billions,"Real GDP, billions 2008 £",Population-UK million,Public Net Debt-total percent GDP,,Interest-total percent GDP,,Balance-total percent GDP,,Total Spending-total percent GDP,,Pensions-total percent GDP,,Total Revenue-total &#163; billion,Total Revenue-total percent GDP,Income and Capital Taxes-total percent GDP,
1692,0.05885,9.7831048,9.1,5.61,a,0.34,a,0,,7.23,a,0,,,,,
1693,0.05906,9.7939919,9.1,9.99,a,0.38,a,0,,9.44,a,0,,,,,
1694,0.05927,9.8048893,9.1,10.29,a,0.75,a,0,,9.45,a,0,,,,,
1695,0.05949,9.8158073,9.1,14.12,a,0.98,a,0,,10.46,a,0,,,,,
1696,0.0597,9.8267253,9.1,17.76,a,1.09,a,0,,13.4,a,0,,,,,
1697,0.05992,9.8376639,9.1,27.87,a,1.74,a,0,,13.21,a,0,,,,,
1698,0.06014,9.8486128,9.1,28.77,a,2.44,a,0,,6.86,a,0,,,,,
1699,0.06036,9.859572,9.1,25.51,a,2.46,a,0,,7.77,a,0,,,,,
1700,0.06058,9.8705415,9.1,23.44,a,2.07,a,0,,5.28,a,0,,0,7.17,0,
1701,0.0608,9.8815316,9.129,23.19,a,1.97,a,0,,5.66,a,0,,0,6.2,0,
1702,0.06102,9.8925217,9.158,23.11,a,1.92,a,0,,8.21,a,0,,0,7.98,0,
1703,0.06124,9.9035324,9.188,22.21,a,1.7,a,0,,8.68,a,0,,0.01,9.08,0,
1704,0.06146,9.9145534,9.217,21.8,a,1.59,a,0,,8.99,a,0,,0.01,8.78,0,
1705,0.06168,9.9255847,9.247,21.08,a,1.68,a,0,,9.52,a,0,,0.01,8.58,0,
1706,0.06191,9.9366366,9.276,21,a,1.74,a,0,,10.81,a,0,,0.01,8.53,0,
1707,0.06213,9.9476885,9.306,23.34,a,2.97,a,0,,14.08,a,0,,0.01,8.81,0,
1708,0.06236,9.958761,9.336,24.37,a,2.63,a,0,,12.42,a,0,,0.01,8.35,0,
1709,0.06258,9.9698438,9.366,30.52,a,3.22,a,0,,14.64,a,0,,0.01,8.32,0,
1710,0.06281,9.9809369,9.396,34.07,a,2.79,a,0,,15.56,a,0,,0.01,8.36,0,
1711,0.06304,9.9920506,9.426,35.53,a,2.88,a,0,,24.02,a,0,,0.01,8.22,0,
1712,0.06326,10.0031643,9.456,55.17,a,3.73,a,0,,12.43,a,0,,0.01,9.09,0,
1713,0.06349,10.0142986,9.487,54.65,a,4.55,a,0,,10.02,a,0,,0.01,9.1,0,
1714,0.06372,10.0254432,9.517,56.81,a,4.74,a,0,,9.71,a,0,,0.01,8.41,0,
1715,0.06396,10.0365981,9.547,58.47,a,9.81,a,0,,9.74,a,0,,0.01,8.67,0,
1716,0.06419,10.0477736,9.578,59.04,a,4.72,a,0,,11.02,a,0,,0.01,8.7,0,
1717,0.06442,10.0589491,9.609,61.01,a,5.34,a,0,,9.14,a,0,,0.01,10.11,0,
1718,0.06465,10.0701452,9.64,61.41,a,4.39,a,0,,9.83,a,0,,0.01,9.42,0,
1719,0.06489,10.0813516,9.67,64.11,a,4.17,a,0,,9.48,a,0,,0.01,9.29,0,
1720,0.06512,10.0925683,9.701,82.92,a,4.25,a,0,,9.22,a,0,,0.01,9.71,0,
1721,0.06536,10.1038056,9.733,84,a,5.07,a,0,,8.99,a,0,,0.01,9.11,0,
1722,0.0656,10.1150429,9.764,80.34,a,4.59,a,0,,10.64,a,0,,0.01,9.38,0,
1723,0.06584,10.1263008,9.795,81.41,a,5.95,a,0,,8.61,a,0,,0.01,9.1,0,
1724,0.06607,10.137569,9.826,81.43,a,4.33,a,0,,8.23,a,0,,0.01,8.74,0,
1725,0.06631,10.1488578,9.858,79.48,a,4.22,a,0,,8.32,a,0,,0.01,8.99,0,
1726,0.06655,10.1601466,9.889,79.49,a,4.01,a,0,,8.33,a,0,,0.01,8.29,0,
1727,0.0668,10.171456,9.921,79.34,a,4.17,a,0,,8.77,a,0,,0.01,9.14,0,
1728,0.06704,10.1827757,9.953,78.61,a,3.48,a,0,,9.7,a,0,,0.01,10.06,0,
1729,0.06728,10.1941057,9.985,77.44,a,3.39,a,0,,8.49,a,0,,0.01,9.35,0,
1730,0.06752,10.205446,10.017,76.13,a,3.38,a,0,,8.26,a,0,,0.01,9.28,0,
1731,0.06777,10.2168069,10.049,76.29,a,3.13,a,0,,7.89,a,0,,0.01,8.97,0,
1732,0.06802,10.2281781,10.081,73.65,a,3.26,a,0,,7.31,a,0,,0.01,8.53,0,
1733,0.06826,10.2395596,10.114,73.25,a,3.14,a,0,,6.73,a,0,,0.01,8.09,0,
1734,0.06851,10.2509514,10.146,71.67,a,3,a,0,,9.28,a,0,,0.01,7.95,0,
1735,0.06876,10.2623638,10.178,71.7,a,3.16,a,0,,8.51,a,0,,0.01,8.22,0,
1736,0.06901,10.2737865,10.211,72.02,a,3.21,a,0,,8.39,a,0,,0.01,8.35,0,
1737,0.06926,10.2852195,10.244,70.03,a,3.04,a,0,,7.41,a,0,,0.01,8.77,0,
1738,0.06951,10.2966628,10.277,68.34,a,2.96,a,0,,6.79,a,0,,0.01,8.22,0,
1739,0.06976,10.308137,10.31,67.23,a,2.93,a,0,,7.47,a,0,,0.01,8.34,0,
1740,0.07001,10.31957,10.343,67.7,a,3,a,0,,8.8,a,0,,0,3.92,0,
1741,0.07027,10.331106,10.393,69.45,a,2.89,a,0,,10.66,a,0,,0.01,8.89,0,
1742,0.07052,10.342539,10.444,72.75,a,2.89,a,0,,12.1,a,0,,0.01,9.1,0,
1743,0.07078,10.354075,10.494,75.59,a,2.99,a,0,,12.69,a,0,,0.01,9.28,0,
1744,0.07104,10.365611,10.545,80.38,a,3.07,a,0,,13.23,a,0,,0.01,9.26,0,
1745,0.07129,10.377147,10.597,84.3,a,3.17,a,0,,12.51,a,0,,0.01,9.05,0,
1746,0.07155,10.388683,10.648,90.71,a,3.24,a,0,,13.7,a,0,,0.01,8.73,0,
1747,0.07181,10.400219,10.7,96.64,a,3.78,a,0,,15.95,a,0,,0.01,9.69,0,
1748,0.07207,10.411858,10.752,105.59,a,3.94,a,0,,15.28,a,0,,0.01,9.99,0,
1749,0.07233,10.423394,10.805,107.56,a,4.12,a,0,,17.34,a,0,,0.01,10.36,0,
1750,0.0726,10.435033,10.857,107.44,a,4.43,a,0,,9.9,a,0,,0.01,10.29,0,
1751,0.07286,10.446569,10.91,107.19,a,4.09,a,0,,8.82,a,0,,0.01,9.74,0,
1752,0.07312,10.458208,10.963,105.17,a,4.03,a,0,,9.62,a,0,,0.01,9.56,0,
1753,0.07339,10.469847,11.016,102.19,a,3.76,a,0,,8.11,a,0,,0.01,10,0,
1754,0.07365,10.481486,11.07,98.03,a,3.83,a,0,,4.11,a,0,,0.01,9.27,0,
1755,0.07392,10.493228,11.124,98.08,a,3.69,a,0,,9.63,a,0,,0.01,9.39,0,
1756,0.07419,10.504867,11.184,100.55,a,3.72,a,0,,12.92,a,0,,0.01,9.44,0,
1757,0.07446,10.516609,11.245,104.49,a,3.77,a,0,,15.06,a,0,,0.01,10.7,0,
1758,0.07473,10.528248,11.306,109.86,a,3.87,a,0,,17.66,a,0,,0.01,10.63,0,
1759,0.075,10.53999,11.368,121.73,a,3.93,a,0,,20.51,a,0,,0.01,10.87,0,
1760,0.07723,10.68419,11.43,131.68,a,4.37,a,0,,23.3,a,0,,0.01,11.92,0,
1761,0.07953,10.83045,11.492,143.59,a,4.81,a,0,,26.55,a,0,,0.01,12.06,0,
1762,0.0819,10.978667,11.555,154.58,a,5.38,a,0,,24.47,a,0,,0.01,11.55,0,
1763,0.08433,11.128841,11.617,157.24,a,5.53,a,0,,21.02,a,0,,0.01,11.61,0,
1764,0.08684,11.281178,11.681,154.54,a,5.63,a,0,,12.31,a,0,,0.01,11.77,0,
1765,0.08943,11.435575,11.744,149.39,a,5.4,a,0,,13.44,a,0,,0.01,12.22,0,
1766,0.09209,11.592032,11.808,144.75,a,5.09,a,0,,11.2,a,0,,0.01,11.16,0,
1767,0.09483,11.750652,11.872,141.2,a,5.29,a,0,,10.16,a,0,,0.01,10.41,0,
1768,0.09765,11.911435,11.937,135.79,a,5.03,a,0,,9.37,a,0,,0.01,10.37,0,
1769,0.10056,12.074484,12.002,129.57,a,4.78,a,0,,9.52,a,0,,0.01,11.07,0,
1770,0.10355,12.239696,12.067,126.12,a,4.67,a,0,,10.16,a,0,,0.01,10.98,0,
1771,0.10663,12.407174,12.133,120.89,a,4.32,a,0,,9.48,a,0,,0.01,10.3,0,
1772,0.1098,12.577021,12.199,117.21,a,4.27,a,0,,9.77,a,0,,0.01,10.05,0,
1773,0.11307,12.749031,12.265,114,a,4.11,a,0,,8.82,a,0,,0.01,9.27,0,
1774,0.11644,12.923513,12.332,109.67,a,3.96,a,0,,8.22,a,0,,0.01,9.11,0,
1775,0.1199,13.100364,12.399,106.17,a,3.9,a,0,,8.64,a,0,,0.01,9.27,0,
1776,0.12347,13.279687,12.467,106.26,a,3.75,a,0,,11.38,a,0,,0.01,8.57,0,
1777,0.12714,13.461379,12.534,107.44,a,3.7,a,0,,12,a,0,,0.01,8.73,0,
1778,0.13093,13.645646,12.603,109.3,a,3.84,a,0,,13.7,a,0,,0.01,8.73,0,
1779,0.13482,13.832282,12.671,113.78,a,4.17,a,0,,14.62,a,0,,0.01,8.79,0,
1780,0.13883,14.021596,12.74,120.44,a,4.32,a,0,,16.28,a,0,,0.01,9.02,0,
1781,0.14297,14.213485,12.809,133.17,a,4.83,a,0,,18.05,a,0,,0.01,9.29,0,
1782,0.14722,14.407949,12.916,145.56,a,5,a,0,,19.85,a,0,,0.01,9.35,0,
1783,0.1516,14.605194,13.023,152.9,a,5.31,a,0,,15.51,a,0,,0.01,8.36,0,
1784,0.15611,14.805014,13.131,155.6,a,5.56,a,0,,15.53,a,0,,0.01,8.46,0,
1785,0.16076,15.007615,13.24,152.71,a,5.74,a,0,,16.07,a,0,,0.02,9.66,0,
1786,0.16554,15.212997,13.349,148.73,a,5.73,a,0,,10.26,a,0,,0.02,9.21,0,
1787,0.17047,15.42116,13.46,144.19,a,5.45,a,0,,9.08,a,0,,0.02,9.65,0,
1788,0.17554,15.632207,13.572,139.63,a,5.36,a,0,,9.3,a,0,,0.02,9.56,0,
1789,0.18076,15.846138,13.684,135.15,a,5.22,a,0,,8.86,a,0,,0.02,9.22,0,
1790,0.18614,16.062953,13.798,131.08,a,5.03,a,0,,9.03,a,0,,0.02,9.14,0,
1791,0.19168,16.282755,13.912,126.88,a,4.92,a,0,,9.39,a,0,,0.02,9.65,0,
1792,0.19739,16.505544,14.134,122.4,a,4.72,a,0,,8.59,a,0,,0.02,9.43,0,
1793,0.20326,16.731423,14.36,119.5,a,4.5,a,0,,9.65,a,0,,0.02,8.92,0,
1794,0.20931,16.960392,14.589,119.25,a,4.68,a,0,,13.72,a,0,,0.02,8.95,0,a
1795,0.21554,17.192554,14.822,124.06,a,4.86,a,0,,18.09,a,0,,0.02,8.84,0,a
1796,0.22195,17.427806,15.059,139.85,a,5.23,a,0,,19.09,a,0,,0.02,8.74,0,a
1797,0.22856,17.666251,15.299,157.16,a,5.95,a,0,,25.22,a,0,,0.02,9.35,0,a
1798,0.23536,17.907992,15.544,166.21,a,6.81,a,0,,20.15,a,0,,0.03,11.45,0,a
1799,0.24236,18.153029,15.792,176.02,a,5.72,a,0,,19.57,a,0,,0.03,13.11,0,a
1800,0.24957,18.401465,16.044,176.84,a,5.43,a,0,,19.84,a,0,,0.03,12.7,0,a
1801,0.257,18.6533,16.3,177.47,a,6.52,a,0,,19.84,a,0,,0.03,12.29,0,a
1802,0.26382,18.870012,16.508,188.99,a,7.54,a,0,,24.83,a,0,,0.04,14.82,2.2,a
1803,0.27083,19.089299,16.718,190.67,a,7.53,a,0,,20.23,a,0,,0.04,15.21,1.22,a
1804,0.27802,19.311161,16.931,188.4,a,7.45,a,0,,19.06,a,0,,0.04,15.25,0.14,a
1805,0.2854,19.535598,17.147,189.07,a,7.25,a,0,,22,a,0,,0.05,17.59,1.3,a
1806,0.29298,19.76261,17.365,192.64,a,7.61,a,0,,24.37,a,0,,0.06,18.77,1.57,a
1807,0.30076,19.992197,17.586,193.88,a,7.71,a,0,,24.24,a,0,,0.06,19.98,2.06,a
1808,0.30875,20.224565,17.811,191.51,a,7.71,a,0,,23.74,a,0,,0.06,20.99,3.3,a
1809,0.31694,20.459611,18.037,188.99,a,7.29,a,0,,24.61,a,0,,0.07,21.52,3.6,a
1810,0.32536,20.697335,18.267,186.69,a,7.44,a,0,,25.05,a,0,,0.07,21.27,3.81,a
1811,0.334,20.93784,18.5,182.51,a,7.31,a,0,,24.43,a,0,,0.07,21.86,4.04,a
1812,0.33278,21.530399,18.736,188.11,a,7.39,a,0,,26.23,a,0,,0.07,21.34,3.97,a
1813,0.33156,22.139747,18.975,196.74,a,7.96,a,0,,28.59,a,0,,0.07,21.2,3.95,a
1814,0.33035,22.766399,19.217,219.62,a,8.26,a,0,,33.66,a,0,,0.07,22.61,4.33,a
1815,0.32915,23.410664,19.462,226.31,a,9.11,a,0,,34.3,a,0,,0.08,23.67,4.41,a
1816,0.32795,24.073263,19.71,237.32,a,9.82,a,0,,30.34,a,0,,0.08,24.12,4.45,a
1817,0.32675,24.754608,19.962,231.09,a,10.07,a,0,,21.82,a,0,,0.07,21.18,3.61,a
1818,0.32555,25.455111,20.217,259.04,a,9.68,a,0,,18.03,a,0,,0.06,17.69,0.71,a
1819,0.32437,26.175596,20.474,260.29,a,9.65,a,0,,17.76,a,0,,0.06,18.34,0.18,a
1820,0.32318,26.916372,20.736,259.95,a,9.62,a,0,,17.79,a,0,,0.06,17.98,0.06,a
1821,0.322,27.67816,21,260.34,a,9.94,a,0,,18.14,a,0,,0.06,18.6,0,a
1822,0.33684,29.220791,21.291,246.73,a,9.47,a,0,,16.74,a,0,,0.06,18.29,0,a
1823,0.35236,30.849427,21.586,237.29,a,8.91,a,0,,16.03,a,0,,0.06,17,0,a
1824,0.3686,32.568806,21.886,224.8,a,8.14,a,0,,14.73,a,0,,0.06,15.87,0,a
1825,0.38558,34.384078,22.189,212.72,a,7.83,a,0,,14.39,a,0,,0.06,15.48,0,a
1826,0.40335,36.300496,22.497,201.07,a,7.24,a,0,,13.41,a,0,,0.06,14.31,0,a
1827,0.42194,38.323725,22.809,191.97,a,6.92,a,0,,13.3,a,0,,0.06,13.08,0,a
1828,0.44138,40.459739,23.125,182.7,a,6.66,a,0,,12.66,a,0,,0.05,12.39,0,a
1829,0.46172,42.714718,23.445,173.55,a,6.35,a,0,,11.59,a,0,,0.06,12.24,0,a
1830,0.483,43.782,23.77,165.26,a,6.02,a,0,,11.12,a,0,,0.06,11.45,0,a
1831,0.48,45.739,24.1,163.79,a,6.08,a,0,,10.81,a,0,,0.05,11.35,0,a
1832,0.459,45.087,24.366,170.85,a,6.17,a,0,,11.22,a,0,,0.05,11.02,0,a
1833,0.453,45.739,24.636,172.85,a,6.25,a,0,,11.17,a,0,,0.05,11.28,0,a
1834,0.481,47.695,24.908,162.43,a,5.93,a,0,,10.15,a,0,,0.05,10.44,0,a
1835,0.508,50.117,25.183,152.54,a,5.61,a,0,,9.63,a,0,,0.05,9.92,0,a
1836,0.542,51.049,25.462,145.83,a,5.28,a,0,,12.03,a,0,,0.05,9.23,0,a
1837,0.521,50.676,25.743,151.8,a,5.64,a,0,,10.36,a,0,,0.05,10.1,0,a
1838,0.553,53.471,26.028,142.66,a,5.35,a,0,,9.24,a,0,,0.05,9.11,0,a
1839,0.582,55.799,26.315,135.55,a,5.05,a,0,,8.88,a,0,,0.05,8.81,0,a
1840,0.546,54.216,26.606,144.45,a,5.42,a,0,,9.78,a,0,,0.05,9.49,0,a
1841,0.52,52.26,26.9,151.96,a,5.67,a,0,,10.23,a,0,,0.05,9.92,0,a
1842,0.5,51.887,26.959,158.78,a,5.94,a,0,,10.86,a,0,,0.05,10.5,0,a
1843,0.498,53.471,27.019,159.34,a,5.94,a,0,,11.06,a,0,,0.05,10.26,0.12,a
1844,0.543,56.358,27.079,146.32,a,5.41,a,0,,10.2,a,0,,0.06,10.44,0.98,a
1845,0.575,59.339,27.138,137.37,a,5.32,a,0,,9.53,a,0,,0.06,10.12,0.92,a
1846,0.614,63.345,27.198,128.21,a,4.66,a,0,,8.75,a,0,,0.06,9.36,0.85,a
1847,0.638,61.761,27.258,123.07,a,4.44,a,0,,8.68,a,0,,0.06,9.12,0.86,a
1848,0.614,63.718,27.319,129.1,a,4.63,a,0,,9.63,a,0,,0.06,9.14,0.91,a
1849,0.625,64.649,27.379,127.09,a,4.59,a,0,,9.44,a,0,,0.06,9.25,0.88,a
1850,0.572,63.531,27.439,138.72,a,4.98,a,0,,9.7,a,0,,0.06,9.98,0.98,a
1851,0.601,66.326,27.5,131.4,a,4.71,a,0,,9.1,a,0,,0.06,9.5,0.92,a
1852,0.607,67.63,27.656,129.44,a,4.65,a,0,,8.9,a,0,,0.06,9.28,0.89,a
1853,0.678,69.586,27.813,115.38,a,4.14,a,0,,8.16,a,0,,0.06,8.45,0.84,a
1854,0.718,70.797,27.971,107.86,a,3.91,a,0,,7.77,a,0,,0.06,8.15,0.79,a
1855,0.739,71.822,28.129,105.51,a,3.79,a,0,,9.35,a,0,,0.06,8.44,1.43,a
1856,0.769,74.803,28.289,104.88,a,3.67,a,0,,12.11,a,0,,0.07,9.06,1.96,a
1857,0.779,75.958,28.449,104.24,a,3.7,a,0,,9.77,a,0,,0.07,9.27,2.07,a
1858,0.752,75.696,28.611,107.57,a,3.82,a,0,,9.07,a,0,,0.07,8.9,1.54,a
1859,0.794,78.988,28.773,101.86,a,3.61,a,0,,8.16,a,0,,0.06,8.1,0.84,a
1860,0.812,80.485,28.936,99.26,a,3.53,a,0,,8.57,a,0,,0.07,8.63,1.18,a
1861,0.847,81.824,29.1,95.12,a,3.11,a,0,,8.61,a,0,,0.07,8.23,1.29,a
1862,0.86,82.645,29.341,93.57,a,3.06,a,0,,8.41,a,0,,0.07,8.02,1.21,a
1863,0.896,84.669,29.584,89.72,a,2.92,a,0,,7.85,a,0,,0.07,7.68,1.18,a
1864,0.945,86.095,29.829,84.11,a,2.77,a,0,,7.17,a,0,,0.07,7.24,0.96,a
1865,0.975,89.737,30.075,81.12,a,2.71,a,0,,6.88,a,0,,0.07,7.05,0.82,a
1866,1.02,90.773,30.324,76.68,a,2.57,a,0,,6.52,a,0,,0.07,6.48,0.63,a
1867,1.002,89.92,30.575,77.65,a,2.6,a,0,,6.71,a,0,,0.07,6.77,0.57,a
1868,1.001,92.662,30.828,74.91,a,3.12,a,0,,10.5,a,0,,0.09,9.18,0.62,a
1869,1.006,94.317,31.083,74.65,a,3.14,a,0,,10.67,a,0,,0.09,9.37,0.85,a
1870,1.064,101.901,31.341,70.33,a,3.06,a,0,,9.16,a,0,,0.1,9.07,1.38,a
1871,1.15,107.341,31.6,64.18,a,2.85,a,0,,8.77,a,0,,0.09,7.86,0.97,a
1872,1.22,107.794,31.925,60.4,a,2.73,a,0,,8.54,a,0,,0.1,7.88,1.17,a
1873,1.28,108.797,32.253,57.2,a,2.65,a,0,,8.17,a,0,,0.1,7.66,0.98,a
1874,1.272,113.092,32.584,57.23,a,2.71,a,0,,8.97,a,0,,0.1,8.07,0.88,a
1875,1.245,114.371,32.919,57.83,a,2.86,a,0,,9.39,a,0,,0.11,8.53,0.8,a
1876,1.229,115.193,33.257,59,a,2.93,a,0,,9.87,a,0,,0.11,8.71,0.81,a
1877,1.216,115.915,33.598,59.75,a,3.01,a,0,,10.49,a,0,,0.11,9.21,0.92,a
1878,1.184,116.298,33.943,61.77,a,3.13,a,0,,11.18,a,0,,0.12,9.76,1,a
1879,1.142,114.085,34.292,64.39,a,3.31,a,0,,12.14,a,0,,0.12,10.55,1.25,a
1880,1.218,122.156,34.644,60.57,a,3.15,a,0,,11.13,a,0,,0.11,9.12,1.26,a
1881,1.243,124.821,35,58.83,a,3.2,a,0,,11.03,a,0,,0.12,9.76,1.4,a
1882,1.283,126.887,35.28,56.7,a,3.41,a,0,,11.14,a,0,,0.12,9.71,1.33,a
1883,1.285,130.65,35.562,56.57,a,3.11,a,0,,11.22,a,0,,0.13,9.87,1.49,a
1884,1.244,129.487,35.846,52.63,a,3.13,a,0,,11.41,a,0,,0.13,10.14,1.45,a
1885,1.217,128.516,36.132,53.76,a,3.2,a,0,,12.06,a,0,,0.13,10.39,1.62,a
1886,1.226,129.322,36.421,53.55,a,2.73,a,0,,12.26,a,0,,0.13,10.62,1.84,a
1887,1.278,134.534,36.712,51.27,a,3.03,a,0,,11.58,a,0,,0.13,10.34,1.82,a
1888,1.333,138.72,37.006,47.04,a,2.72,a,0,,10.95,a,0,,0.13,9.83,1.7,a
1889,1.408,143.199,37.301,44.26,a,2.58,a,0,,10.3,a,0,,0.13,9.38,1.47,a
1890,1.442,144.468,37.6,42.87,a,2.47,a,0,,10.43,a,0,,0.14,9.49,1.52,a
1891,1.444,147.844,37.9,42.63,a,2.44,a,0,,10.78,a,0,,0.14,9.57,1.61,a
1892,1.405,144.927,38.255,43.65,a,2.5,a,0,,11.68,a,0,,0.14,10.07,1.77,a
1893,1.406,144.012,38.613,43.41,a,2.63,a,0,,12.53,a,0,,0.14,10.1,1.72,a
1894,1.484,150.657,38.974,41.04,a,2.53,a,0,,12.48,a,0,,0.15,9.79,1.69,a
1895,1.521,155.635,39.339,39.67,a,2.52,a,0,,12.51,a,0,,0.15,9.9,1.74,a
1896,1.57,162.263,39.707,38.16,a,2.43,a,0,,12.54,a,0,,0.16,10.23,1.92,a
1897,1.616,164.103,40.079,36.25,a,2.45,a,0,,12.72,a,0,,0.17,10.27,1.9,a
1898,1.705,171.48,40.454,34.83,a,2.35,a,0,,12.62,a,0,,0.17,10,1.91,a
1899,1.809,177.589,40.832,32.69,a,2.24,a,0,,12.67,a,0,,0.17,9.6,1.86,a
1900,1.885,177.011,41.214,30.17,a,2.22,a,0,,14.06,a,0,,0.19,10.01,1.98,a
1901,1.893,180.738,41.6,33.24,a,2.12,a,0,,17.25,a,0,,0.2,10.67,2.33,a
1902,1.906,183.457,41.965,35.92,a,2.3,a,0,,18.34,a,0,,0.22,11.48,2.8,a
1903,1.881,181.756,42.334,38.02,a,2.73,a,0,,18.41,a,0,,0.23,12.38,3.02,a
1904,1.881,183.846,42.705,37.81,a,2.73,a,0,,16.43,a,0,,0.23,12.22,2.55,a
1905,1.949,189.23,43.08,36.29,a,2.76,a,0,,17.82,a,0,,0.23,11.91,2.46,a
1906,2.033,193.978,43.459,34.42,a,2.75,a,0.04,,15.18,a,0.04,a,0.24,11.57,2.4,a
1907,2.113,197.667,43.84,32.35,a,2.59,a,0.04,,14.44,a,0.04,a,0.24,11.26,2.4,a
1908,2.011,190.316,44.225,33.3,a,2.72,a,0.04,,14.78,a,0.04,a,0.23,11.43,2.56,a
1909,2.052,194.817,44.613,32.39,a,2.73,a,0.04,,14.73,a,0.04,a,0.24,11.54,2.55,a
1910,2.14,199.947,45.005,31.65,a,2.66,a,0.04,,15.95,a,0.04,a,0.22,10.36,1.64,a
1911,2.227,206.544,45.4,29.22,a,2.56,a,0.04,,14.97,a,0.04,a,0.29,13.01,3.92,a
1912,2.327,209.596,45.133,27.3,a,2.52,a,0.03,,14.78,a,0.03,a,0.27,11.72,3.02,a
1913,2.42,218.23,44.868,25.83,a,2.51,a,0.03,,14.97,a,0.03,a,0.28,11.57,2.89,a
1914,2.451,222.604,44.604,25.3,a,2.43,a,0.03,,15.61,a,0.03,a,0.29,11.96,3.04,a
1915,2.943,234.636,44.342,36.59,a,2.14,a,0.03,,25.72,a,0.03,a,0.32,11.03,3.32,a
1916,3.434,237.307,44.081,61.36,a,2.98,a,0.02,,50.85,a,0.02,a,0.44,12.71,4.64,a
1917,4.276,235.858,43.822,93.25,a,3.98,a,0.02,,55.7,a,0.02,a,0.67,15.69,8.8,a
1918,5.108,240.391,43.564,114.52,a,4.56,a,0.02,,56.64,a,0.02,a,0.81,15.84,9.62,a
1919,5.484,221.514,43.308,135.2,a,5.7,a,0.01,,51.17,a,0.01,a,1,18.29,11.06,a
1920,5.975,199.807,43.053,130.7,a,6.27,a,1.68,,33.22,a,1.68,a,1.49,24.89,11.55,a
1921,4.907,180.404,44.072,154,a,7.94,a,2.25,,34.05,a,2.25,a,1.63,33.24,13.47,a
1922,4.458,189.982,44.268,171.33,a,8.56,a,2.15,,36.39,a,2.15,a,1.35,30.3,11.2,a
1923,4.254,195.61,44.465,181.68,a,9.17,a,1.94,,30.16,a,1.94,a,1.12,26.43,10.69,a
1924,4.366,204.842,44.663,174.7,a,8.61,a,1.64,,27.21,a,1.64,a,1.04,23.71,9.42,a
1925,4.508,212.051,44.862,168.25,a,8.5,a,1.59,,27.17,a,1.59,a,1,22.11,9.19,a
1926,4.349,205.435,45.062,173.51,a,8.89,a,1.62,,29.89,a,1.62,a,1.02,23.44,9.22,a
1927,4.599,221.234,45.263,164,a,8.77,a,1.43,,29.56,a,1.43,a,1.03,22.32,8.09,a
1928,4.599,223.209,45.464,163.41,a,8.88,a,1.35,,29.17,a,1.35,a,1.07,23.36,8.45,a
1929,4.692,229.578,45.667,159.59,a,8.8,a,1.25,,28.23,a,1.25,a,1.08,23.01,7.98,a
1930,4.615,227.751,45.87,161.58,a,8.96,a,1.22,,29.38,a,1.22,a,1.05,22.73,8.1,a
1931,4.316,217.185,46.074,171.49,a,9.41,a,1.27,,32.06,a,1.27,a,1.09,25.23,9.42,a
1932,4.223,217.333,46.284,175.76,a,9.6,a,1.23,,33.08,a,1.23,a,1.08,25.61,10.16,a
1933,4.298,224.245,46.495,177.57,a,9.38,a,1.15,,31.93,a,1.15,a,1.05,24.51,9.06,a
1934,4.517,237.625,46.706,172.91,a,7.72,a,1.08,,29.21,a,1.08,a,1.05,23.24,8.12,a
1935,4.72,246.413,46.919,165.01,a,7.09,a,0.99,,28.56,a,0.99,a,1.07,22.71,7.66,a
1936,4.987,258.164,47.133,156.08,a,6.7,a,0.92,,28.65,a,0.92,a,1.09,21.96,7.56,a
1937,5.334,267.199,47.348,145.95,a,6.3,a,0.84,,28.62,a,0.84,a,1.16,21.79,7.48,a
1938,5.502,269.272,47.563,145.65,a,6.28,a,0.8,,28.87,a,0.8,a,1.22,22.22,8.08,a
1939,5.918,281.122,47.78,137.71,a,5.95,a,0.72,,29.14,a,0.72,a,1.29,21.74,8.41,a
1940,7.183,309.016,47.997,109.97,a,5.06,a,0.58,,29.71,a,0.58,a,1.43,19.97,7.86,a
1941,8.654,335.924,48.216,119.79,a,4.29,a,0.48,,54.08,a,0.48,a,1.81,20.87,8.98,a
1942,9.482,341.947,48.42,137.54,a,4.39,a,0.43,,59.8,a,0.43,a,2.49,26.3,12.7,a
1943,10.093,347.822,48.624,156.77,a,4.65,a,0.4,,64.37,a,0.4,a,3.25,32.2,15.39,a
1944,10.18,332.517,48.829,182.34,a,5.14,a,0.39,,65.45,a,0.39,a,3.48,34.22,18.26,a
1945,9.908,317.311,49.035,215.64,a,5.77,a,0.4,,70.34,a,0.4,a,3.7,37.33,20.3,a
1946,9.968,309.51,49.242,237.12,a,6.06,a,0.42,,64.81,a,0.42,a,3.77,37.82,20.24,a
1947,10.772,305.56,49.45,237.94,a,5.84,a,0.9,,49.06,a,0.9,a,3.77,35.01,15.9,a
1948,11.974,314.496,49.659,213.97,a,5.39,a,2.96,,39.21,a,2.96,a,4.06,33.87,13.37,a
1949,12.726,324.95,49.868,197.77,a,4.83,a,2.88,,36,a,2.88,a,5.01,39.38,14.53,a
1950,13.308,335.288,50.079,193.89,a,4.71,a,2.79,,35.89,a,2.79,a,5.38,40.41,15.34,a
1951,14.784,344.425,50.29,175.34,a,4.01,a,1.98,,38.01,a,1.98,a,5.57,37.69,13.7,a
1952,15.983,344.614,50.536,161.99,a,4.09,a,2.12,,39.07,a,2.12,a,6.01,37.61,13.95,a
1953,17.121,357.84,50.784,152.16,a,4,a,2.18,,38.41,a,2.18,a,6.34,37.02,14.31,a
1954,18.126,372.531,51.032,146.66,a,3.81,a,2.11,,36.24,a,2.11,a,6.46,35.66,12.75,a
1955,19.49,385.425,51.282,138.19,a,3.96,a,2.32,,34.95,a,2.32,a,6.73,34.52,12.07,a
1956,20.956,389.004,51.533,129.03,a,3.82,a,2.33,,35.1,a,2.33,a,7.18,34.28,11.66,a
1957,22.105,395.426,51.785,122.18,a,3.65,a,2.31,,34.55,a,2.31,a,7.68,34.76,11.92,a
1958,23.05,396.699,52.039,118.14,a,3.91,a,2.87,,35.12,a,2.87,a,8.07,35.03,12.12,a
1959,24.348,413.664,52.294,112.44,a,3.76,a,2.97,,35.21,a,2.97,a,8.48,34.84,12.06,a
1960,25.977,435.716,52.55,106.76,a,3.99,a,2.87,,35.2,a,2.87,a,8.54,32.88,11.06,a
1961,27.413,445.87,52.807,103.06,a,4.59,a,3.09,,37.6,a,3.09,a,9.07,33.07,11.27,a
1962,28.711,450.695,53.111,99.87,a,4.38,a,3.15,,38.31,a,3.15,a,10.07,35.08,12.3,a
1963,30.409,470.067,53.417,98.15,a,4.23,a,3.38,,38.31,a,3.38,a,10.53,34.63,11.92,a
1964,33.228,495.835,53.725,90.97,a,4.07,a,3.4,,38.35,a,3.4,a,11.13,33.49,10.95,a
1965,35.888,506.915,54.034,84.82,a,4.06,a,3.73,,39.35,a,3.73,a,12.32,34.33,11.23,a
1966,38.189,516.673,54.345,82.07,a,4.07,a,3.73,,40.04,a,3.73,a,13.88,36.35,12.25,a
1967,40.281,529.418,54.658,79.41,a,4.25,a,3.73,,43.43,a,3.73,a,15.03,37.32,12.63,a
1968,43.656,551.664,54.973,78.33,a,4.37,a,3.91,,43.73,a,3.91,a,16.62,38.07,13.01,a
1969,47.023,563.097,55.289,72.27,a,4.33,a,3.76,,42.08,a,3.76,a,19.03,40.47,14.02,a
1970,51.696,575.736,55.608,63.99,a,4.1,a,3.83,,41.77,a,3.83,a,21.15,40.92,14.53,a
1971,57.67,587.805,55.928,57.99,a,3.89,a,3.71,,42.03,a,3.71,a,22.99,39.86,14.26,a
1972,64.621,609.275,55.97,55.46,a,3.54,a,3.96,,40.84,a,3.96,a,24.61,38.09,13.63,a
1973,74.545,653.124,56.013,49.48,a,3.67,a,4.04,,40.98,a,4.04,a,26.34,35.33,12.07,a
1974,84.513,644.539,56.055,47.87,a,4.27,a,4.49,,46.4,a,4.49,a,29.74,35.18,12.51,a
1975,106.717,640.534,56.097,43.48,a,3.95,a,4.56,,48.28,a,4.56,a,37.87,35.48,13.69,a
1976,126.274,657.418,56.14,44.81,a,4.27,a,4.71,,46.3,a,4.71,a,47.9,37.93,14.32,a
1977,146.973,673.025,56.182,45.7,a,4.33,a,4.7,,42.09,a,4.7,a,56.44,38.4,14.04,a
1978,169.344,694.765,56.225,46.76,a,4.26,a,4.66,,42.49,a,4.66,a,62.98,37.19,12.77,a
1979,199.22,713.38,56.267,43.61,a,4.5,a,4.6,,42.75,a,4.6,a,69.84,35.06,12.05,a
1980,233.184,698.528,56.31,42.11,a,4.87,a,4.68,,44.54,a,4.68,a,85.02,36.46,12.22,a
1981,256.279,689.289,56.358,44.4,a,5.16,a,5,,45.29,a,5,a,100.95,39.39,13.07,a
1982,281.024,703.711,56.465,44.55,a,5.08,a,5.05,,45.56,a,5.05,a,119.58,42.55,14.3,a
1983,307.207,729.215,56.572,43.13,a,4.52,a,5.02,,43.2,a,5.02,a,129.79,42.25,14.08,a
1984,329.913,748.691,56.68,43.59,a,4.36,a,4.86,,42.59,a,4.86,a,137.96,41.82,13.86,a
1985,361.758,775.643,56.788,43.45,a,4.42,a,4.73,,41.71,a,4.73,a,147.66,40.82,14.08,a
1986,389.149,806.765,56.896,41.81,a,4.57,a,4.85,,40.76,a,4.85,a,157.84,40.56,14.16,a
1987,428.665,843.572,57.004,39.14,a,4.11,a,4.68,,38.4,a,4.68,a,164.64,38.41,12.99,a
1988,478.51,886.02,57.112,34.98,a,3.76,a,4.34,,36.28,a,4.34,a,178.85,37.38,13.05,a
1989,525.274,906.236,57.221,29.3,a,3.52,a,4.22,,34.25,a,4.22,a,196.97,37.5,12.86,a
1990,570.283,913.299,57.33,26.69,a,3.3,a,4.2,,35.23,a,4.2,a,211.2,37.03,13.27,a
1991,598.664,900.58,57.439,25.27,a,3.11,a,4.5,,36.45,a,4.5,a,221.61,37.02,13.54,a
1992,622.08,901.901,57.604,26.7,a,2.7,a,4.52,,37.97,a,4.52,a,231.54,37.22,13.55,a
1993,654.196,921.945,57.77,30.97,a,3.25,a,5.28,,39.7,a,5.28,a,227.43,34.76,12.14,a
1994,692.987,961.407,57.936,36.05,a,3,a,5.96,,39.18,a,5.96,a,235.17,33.94,11.53,a
1995,733.266,990.751,58.103,39.55,a,3.68,a,5.64,,39.42,a,5.64,a,255.86,34.89,12.17,a
1996,781.726,1019.337,58.27,41.2,a,3.85,a,5.81,,38.93,a,5.81,a,276.62,35.39,12.53,a
1997,830.013,1054.232,58.438,41.93,a,3.8,a,5.96,,37.15,a,5.96,a,288.65,34.78,12.51,a
1998,879.152,1094.704,58.606,40.14,a,3.37,a,5.92,,36.22,a,5.92,a,317,36.06,13.27,a
1999,928.871,1134.723,58.775,37.85,a,3.15,a,6.66,,35.81,a,6.66,a,336.36,36.21,13.53,a
2000,976.282,1185.305,58.944,35.38,a,2.59,a,6.73,,34.91,a,6.73,a,359.71,36.84,13.91,a
2001,1021.625,1222.65,59.114,30.58,a,2.58,a,7.18,,35.83,a,7.18,a,382.94,37.48,14.33,a
2002,1075.368,1255.142,59.455,29.34,a,2.08,a,7.28,,36.18,a,7.28,a,389.9,36.26,13.72,a
2003,1139.441,1299.381,59.799,30.46,a,1.86,a,7.01,,36.9,a,7.01,a,396.08,34.76,12.78,a
2004,1202.37,1337.782,60.145,31.84,a,1.87,a,6.8,,37.85,a,6.8,a,423.31,35.21,12.3,a
2005,1254.292,1365.685,60.493,33.8,a,1.94,a,6.88,,39.21,a,6.88,a,453.2,36.13,13.01,a
2006,1328.597,1401.29,60.843,34.85,a,1.98,a,6.76,,39.4,a,6.76,a,487.76,36.71,13.76,e
2007,1405.796,1449.861,61.194,35.57,a,2,a,6.68,,39.08,a,6.68,a,518.85,36.91,14.01,e
2008,1433.87,1433.871,61.548,36.61,a,2.14,a,6.89,,40.61,a,6.89,a,549.05,38.29,14.71,e
2009,1393.854,1371.163,61.904,44.26,a,2.25,a,7.79,,45.47,a,7.79,a,535.87,38.45,14.56,
2010,1432.9,1395.312,62.262,53,a,2.14,a,8.12,,46.97,a,8.12,a,516,36.01,12.87,
2011,1499,1410.903,62.649,60.39,a,3.03,a,8.13,,46.31,a,8.13,a,555.43,37.05,13.27,
2012,1546.7,1414.821,63.067,71.38,a,3.15,a,8.38,,44.89,a,8.38,a,576.63,37.28,12.98,
2013,1575.7,1438.339,63.488,75.2,e,3.04,a,8.83,,42.77,a,8.83,a,593.4,37.66,12.63,
2014,1641,,63.912,76.66,e,2.91,e,8.73,,43.51,e,8.73,a,619.8,37.77,12.34,
2015,1720.4,,64.338,78.76,e,3.05,g,8.7,,42.51,g,8.7,e,648.1,37.67,12.6,
,,,,,,,,,,,,,,,37.75,12.81,
Legend:,,,,,,,,,,,,,,,,,
 a - actual outturn,,,,,,,,,,,,,,,,,
 e - estimate in HM Treasury 2014 budget,,,,,,,,,,,,,,,,,
 g - 'guesstimated' projection by ukpublicspending.co.uk,,,,,,,,,,,,,,,,,
Data Sources for 1692:,,,,,,,,,,,,,,,,,
"GDP: data from measuringworth.com (but now unsupported)
Spending: <a href=http://www.amazon.co.uk/British-Historical-Statistics-B-Mitchell/dp/1107402441/ref=sr_1_1?ie=UTF8&qid=1366835878&sr=8-1"">B.R. Mitchell", British Historical Statistics</a>,,,,,,,,,,,,,,,,
"
Data Sources for 2015:""",,,,,,,,,,,,,,,,,
"GDP: <a href=http://budgetresponsibility.org.uk/economic-and-fiscal-outlook/"">OBR EFO supp. economy tables</a>",,,,,,,,,,,,,,,,,
"Spending: <a href=""https://www.gov.uk/government/organisations/hm-treasury/series/public-expenditure-statistical-analyses-pesa"">HM Treasury PESA</a>",,,,,,,,,,,,,,,,,
"
",,,,,,,,,,,,,,,,,
