Year,"GDP, billions £","Real GDP, billions £","Population, millions","Public Debt, mill £","Public Debt, GDP %",,"Interest Rate, %",,"Payments Balance, GDP %","Gov Spending, GDP %",,"GDP (per capita), K £","Real GDP (per capita), K £","Inflation, (CPI) %","Unemployment, %","Tax Rev, bill £","Tax Rev, GDP %","Income Tax Rate, avg %"
1692,0.05885,9.7831048,9.1,0.003301485,5.61,a,0.34,a,,7.23,a,0.006467033,1.075066462,,,,,
1693,0.05906,9.7939919,9.1,0.005900094,9.99,a,0.38,a,,9.44,a,0.00649011,1.076262846,,,,,
1694,0.05927,9.8048893,9.1,0.006098883,10.29,a,0.75,a,,9.45,a,0.006513187,1.077460363,,,,,
1695,0.05949,9.8158073,9.1,0.008399988,14.12,a,0.98,a,,10.46,a,0.006537363,1.078660143,,,,,
1696,0.0597,9.8267253,9.1,0.01060272,17.76,a,1.09,a,,13.4,a,0.00656044,1.079859923,,,,,
1697,0.05992,9.8376639,9.1,0.016699704,27.87,a,1.74,a,,13.21,a,0.006584615,1.081061967,,,,,
1698,0.06014,9.8486128,9.1,0.017302278,28.77,a,2.44,a,,6.86,a,0.006608791,1.082265143,,,,,
1699,0.06036,9.859572,9.1,0.015397836,25.51,a,2.46,a,,7.77,a,0.006632967,1.083469451,,,,,
1700,0.06058,9.8705415,9.1,0.014199952,23.44,a,2.07,a,,5.28,a,0.006657143,1.08467489,,,0,7.17,
1701,0.0608,9.8815316,9.129,0.01409952,23.19,a,1.97,a,,5.66,a,0.006660094,1.082433081,,,0,6.2,
1702,0.06102,9.8925217,9.158,0.014101722,23.11,a,1.92,a,,8.21,a,0.006663027,1.080205471,,,0,7.98,
1703,0.06124,9.9035324,9.188,0.013601404,22.21,a,1.7,a,,8.68,a,0.006665215,1.077876839,,,0.01,9.08,
1704,0.06146,9.9145534,9.217,0.01339828,21.8,a,1.59,a,,8.99,a,0.006668113,1.075681176,,,0.01,8.78,
1705,0.06168,9.9255847,9.247,0.013002144,21.08,a,1.68,a,,9.52,a,0.006670271,1.073384308,,,0.01,8.58,
1706,0.06191,9.9366366,9.276,0.0130011,21,a,1.74,a,,10.81,a,0.006674213,1.071219987,,,0.01,8.53,
1707,0.06213,9.9476885,9.306,0.014501142,23.34,a,2.97,a,,14.08,a,0.006676338,1.068954277,,,0.01,8.81,
1708,0.06236,9.958761,9.336,0.015197132,24.37,a,2.63,a,,12.42,a,0.00667952,1.066705334,,,0.01,8.35,
1709,0.06258,9.9698438,9.366,0.019099416,30.52,a,3.22,a,,14.64,a,0.006681614,1.064471898,,,0.01,8.32,
1710,0.06281,9.9809369,9.396,0.021399367,34.07,a,2.79,a,,15.56,a,0.006684759,1.062253821,,,0.01,8.36,
1711,0.06304,9.9920506,9.426,0.022398112,35.53,a,2.88,a,,24.02,a,0.006687885,1.060052048,,,0.01,8.22,
1712,0.06326,10.0031643,9.456,0.034900542,55.17,a,3.73,a,,12.43,a,0.006689932,1.057864245,,,0.01,9.09,
1713,0.06349,10.0142986,9.487,0.034697285,54.65,a,4.55,a,,10.02,a,0.006692316,1.055581174,,,0.01,9.1,
1714,0.06372,10.0254432,9.517,0.036199332,56.81,a,4.74,a,,9.71,a,0.006695387,1.053424735,,,0.01,8.41,
1715,0.06396,10.0365981,9.547,0.037397412,58.47,a,9.81,a,,9.74,a,0.006699487,1.051282927,,,0.01,8.67,
1716,0.06419,10.0477736,9.578,0.037897776,59.04,a,4.72,a,,11.02,a,0.006701817,1.04904715,,,0.01,8.7,
1717,0.06442,10.0589491,9.609,0.039302642,61.01,a,5.34,a,,9.14,a,0.006704132,1.046825799,,,0.01,10.11,
1718,0.06465,10.0701452,9.64,0.039701565,61.41,a,4.39,a,,9.83,a,0.006706432,1.044620871,,,0.01,9.42,
1719,0.06489,10.0813516,9.67,0.041600979,64.11,a,4.17,a,,9.48,a,0.006710445,1.042538945,,,0.01,9.29,
1720,0.06512,10.0925683,9.701,0.053997504,82.92,a,4.25,a,,9.22,a,0.00671271,1.040363705,,,0.01,9.71,
1721,0.06536,10.1038056,9.733,0.0549024,84,a,5.07,a,,8.99,a,0.006715298,1.03809777,,,0.01,9.11,
1722,0.0656,10.1150429,9.764,0.05270304,80.34,a,4.59,a,,10.64,a,0.006718558,1.035952776,,,0.01,9.38,
1723,0.06584,10.1263008,9.795,0.053600344,81.41,a,5.95,a,,8.61,a,0.006721797,1.033823461,,,0.01,9.1,
1724,0.06607,10.137569,9.826,0.053800801,81.43,a,4.33,a,,8.23,a,0.006723998,1.03170863,,,0.01,8.74,
1725,0.06631,10.1488578,9.858,0.052703188,79.48,a,4.22,a,,8.32,a,0.006726517,1.029504747,,,0.01,8.99,
1726,0.06655,10.1601466,9.889,0.052900595,79.49,a,4.01,a,,8.33,a,0.0067297,1.027419011,,,0.01,8.29,
1727,0.0668,10.171456,9.921,0.05299912,79.34,a,4.17,a,,8.77,a,0.006733192,1.025245036,,,0.01,9.14,
1728,0.06704,10.1827757,9.953,0.052700144,78.61,a,3.48,a,,9.7,a,0.006735658,1.023086075,,,0.01,10.06,
1729,0.06728,10.1941057,9.985,0.052101632,77.44,a,3.39,a,,8.49,a,0.006738107,1.020941983,,,0.01,9.35,
1730,0.06752,10.205446,10.017,0.051402976,76.13,a,3.38,a,,8.26,a,0.006740541,1.018812619,,,0.01,9.28,
1731,0.06777,10.2168069,10.049,0.051701733,76.29,a,3.13,a,,7.89,a,0.006743955,1.016698866,,,0.01,8.97,
1732,0.06802,10.2281781,10.081,0.05009673,73.65,a,3.26,a,,7.31,a,0.006747346,1.014599554,,,0.01,8.53,
1733,0.06826,10.2395596,10.114,0.05000045,73.25,a,3.14,a,,6.73,a,0.006749061,1.012414435,,,0.01,8.09,
1734,0.06851,10.2509514,10.146,0.049101117,71.67,a,3,a,,9.28,a,0.006752415,1.010344116,,,0.01,7.95,
1735,0.06876,10.2623638,10.178,0.04930092,71.7,a,3.16,a,,8.51,a,0.006755748,1.008288839,,,0.01,8.22,
1736,0.06901,10.2737865,10.211,0.049701002,72.02,a,3.21,a,,8.39,a,0.006758398,1.006148908,,,0.01,8.35,
1737,0.06926,10.2852195,10.244,0.048502778,70.03,a,3.04,a,,7.41,a,0.006761031,1.00402377,,,0.01,8.77,
1738,0.06951,10.2966628,10.277,0.047503134,68.34,a,2.96,a,,6.79,a,0.006763647,1.001913282,,,0.01,8.22,
1739,0.06976,10.308137,10.31,0.046899648,67.23,a,2.93,a,,7.47,a,0.006766246,0.999819302,,,0.01,8.34,
1740,0.07001,10.31957,10.343,0.04739677,67.7,a,3,a,,8.8,a,0.006768829,0.9977347,,,0,3.92,
1741,0.07027,10.331106,10.393,0.048802515,69.45,a,2.89,a,,10.66,a,0.006761282,0.994044645,,,0.01,8.89,
1742,0.07052,10.342539,10.444,0.0513033,72.75,a,2.89,a,,12.1,a,0.006752202,0.990285236,,,0.01,9.1,
1743,0.07078,10.354075,10.494,0.053502602,75.59,a,2.99,a,,12.69,a,0.006744807,0.98666619,,,0.01,9.28,
1744,0.07104,10.365611,10.545,0.057101952,80.38,a,3.07,a,,13.23,a,0.006736842,0.982988241,,,0.01,9.26,
1745,0.07129,10.377147,10.597,0.06009747,84.3,a,3.17,a,,12.51,a,0.006727376,0.979253279,,,0.01,9.05,
1746,0.07155,10.388683,10.648,0.064903005,90.71,a,3.24,a,,13.7,a,0.006719572,0.975646412,,,0.01,8.73,
1747,0.07181,10.400219,10.7,0.069397184,96.64,a,3.78,a,,15.95,a,0.006711215,0.971983084,,,0.01,9.69,
1748,0.07207,10.411858,10.752,0.076098713,105.59,a,3.94,a,,15.28,a,0.006702939,0.968364769,,,0.01,9.99,
1749,0.07233,10.423394,10.805,0.077798148,107.56,a,4.12,a,,17.34,a,0.006694123,0.964682462,,,0.01,10.36,
1750,0.0726,10.435033,10.857,0.07800144,107.44,a,4.43,a,,9.9,a,0.00668693,0.961134107,5.1,,0.01,10.29,
1751,0.07286,10.446569,10.91,0.078098634,107.19,a,4.09,a,,8.82,a,0.006678277,0.957522365,5,,0.01,9.74,
1752,0.07312,10.458208,10.963,0.076900304,105.17,a,4.03,a,,9.62,a,0.006669707,0.953954939,5.2,,0.01,9.56,
1753,0.07339,10.469847,11.016,0.074997241,102.19,a,3.76,a,,8.11,a,0.006662128,0.950421841,5.1,,0.01,10,
1754,0.07365,10.481486,11.07,0.072199095,98.03,a,3.83,a,,4.11,a,0.006653117,0.946837037,5.3,,0.01,9.27,
1755,0.07392,10.493228,11.124,0.072500736,98.08,a,3.69,a,,9.63,a,0.006645092,0.943296296,5,,0.01,9.39,
1756,0.07419,10.504867,11.184,0.074598045,100.55,a,3.72,a,,12.92,a,0.006633584,0.939276377,5.2,,0.01,9.44,
1757,0.07446,10.516609,11.245,0.077803254,104.49,a,3.77,a,,15.06,a,0.00662161,0.935225345,6.3,,0.01,10.7,
1758,0.07473,10.528248,11.306,0.082098378,109.86,a,3.87,a,,17.66,a,0.006609765,0.931208916,6.3,,0.01,10.63,
1759,0.075,10.53999,11.368,0.0912975,121.73,a,3.93,a,,20.51,a,0.006597467,0.927163089,5.8,,0.01,10.87,
1760,0.07723,10.68419,11.43,0.101696464,131.68,a,4.37,a,,23.3,a,0.00675678,0.934749781,5.6,,0.01,11.92,
1761,0.07953,10.83045,11.492,0.114197127,143.59,a,4.81,a,,26.55,a,0.006920466,0.942433867,5.3,,0.01,12.06,
1762,0.0819,10.978667,11.555,0.12660102,154.58,a,5.38,a,,24.47,a,0.007087841,0.950122631,5.5,,0.01,11.55,
1763,0.08433,11.128841,11.617,0.132600492,157.24,a,5.53,a,,21.02,a,0.007259189,0.95797891,5.7,,0.01,11.61,
1764,0.08684,11.281178,11.681,0.134202536,154.54,a,5.63,a,,12.31,a,0.007434295,0.965771595,6.2,,0.01,11.77,
1765,0.08943,11.435575,11.744,0.133599477,149.39,a,5.4,a,,13.44,a,0.007614952,0.973737653,6.4,,0.01,12.22,
1766,0.09209,11.592032,11.808,0.133300275,144.75,a,5.09,a,,11.2,a,0.00779895,0.981710027,6.5,,0.01,11.16,
1767,0.09483,11.750652,11.872,0.13389996,141.2,a,5.29,a,,10.16,a,0.007987702,0.989778639,6.8,,0.01,10.41,
1768,0.09765,11.911435,11.937,0.132598935,135.79,a,5.03,a,,9.37,a,0.008180447,0.99785834,6.7,,0.01,10.37,
1769,0.10056,12.074484,12.002,0.130295592,129.57,a,4.78,a,,9.52,a,0.008378604,1.006039327,6.2,,0.01,11.07,
1770,0.10355,12.239696,12.067,0.13059726,126.12,a,4.67,a,,10.16,a,0.008581255,1.014311428,6.2,,0.01,10.98,
1771,0.10663,12.407174,12.133,0.128905007,120.89,a,4.32,a,,9.48,a,0.008788428,1.022597379,6.7,,0.01,10.3,
1772,0.1098,12.577021,12.199,0.12869658,117.21,a,4.27,a,,9.77,a,0.009000738,1.030987868,7.4,,0.01,10.05,
1773,0.11307,12.749031,12.265,0.1288998,114,a,4.11,a,,8.82,a,0.009218916,1.039464411,7.4,,0.01,9.27,
1774,0.11644,12.923513,12.332,0.127699748,109.67,a,3.96,a,,8.22,a,0.009442102,1.047965699,7.5,,0.01,9.11,
1775,0.1199,13.100364,12.399,0.12729783,106.17,a,3.9,a,,8.64,a,0.009670135,1.056566175,7,,0.01,9.27,
1776,0.12347,13.279687,12.467,0.131199222,106.26,a,3.75,a,,11.38,a,0.009903746,1.065187054,6.9,,0.01,8.57,
1777,0.12714,13.461379,12.534,0.136599216,107.44,a,3.7,a,,12,a,0.010143609,1.07398907,6.9,,0.01,8.73,
1778,0.13093,13.645646,12.603,0.14310649,109.3,a,3.84,a,,13.7,a,0.010388796,1.082729985,7.1,,0.01,8.73,
1779,0.13482,13.832282,12.671,0.153398196,113.78,a,4.17,a,,14.62,a,0.010640044,1.091648804,6.5,,0.01,8.79,
1780,0.13883,14.021596,12.74,0.167206852,120.44,a,4.32,a,,16.28,a,0.010897174,1.100596232,6.3,,0.01,9.02,
1781,0.14297,14.213485,12.809,0.190393149,133.17,a,4.83,a,,18.05,a,0.011161683,1.109648294,6.6,,0.01,9.29,
1782,0.14722,14.407949,12.916,0.214293432,145.56,a,5,a,,19.85,a,0.011398266,1.115511691,6.7,,0.01,9.35,
1783,0.1516,14.605194,13.023,0.2317964,152.9,a,5.31,a,,15.51,a,0.011640943,1.121492283,7.5,,0.01,8.36,
1784,0.15611,14.805014,13.131,0.24290716,155.6,a,5.56,a,,15.53,a,0.01188866,1.127485645,7.6,,0.01,8.46,
1785,0.16076,15.007615,13.24,0.245496596,152.71,a,5.74,a,,16.07,a,0.012141994,1.133505665,7.2,,0.02,9.66,
1786,0.16554,15.212997,13.349,0.246207642,148.73,a,5.73,a,,10.26,a,0.012400929,1.139635703,7.2,,0.02,9.21,
1787,0.17047,15.42116,13.46,0.245800693,144.19,a,5.45,a,,9.08,a,0.012664933,1.145702823,7.2,,0.02,9.65,
1788,0.17554,15.632207,13.572,0.245106502,139.63,a,5.36,a,,9.3,a,0.012933982,1.151798335,7.5,,0.02,9.56,
1789,0.18076,15.846138,13.684,0.24429714,135.15,a,5.22,a,,8.86,a,0.013209588,1.158004823,7.4,,0.02,9.22,
1790,0.18614,16.062953,13.798,0.243992312,131.08,a,5.03,a,,9.03,a,0.013490361,1.164150819,7.5,,0.02,9.14,
1791,0.19168,16.282755,13.912,0.243203584,126.88,a,4.92,a,,9.39,a,0.013778033,1.170410796,7.5,,0.02,9.65,
1792,0.19739,16.505544,14.134,0.24160536,122.4,a,4.72,a,,8.59,a,0.013965615,1.16779001,7.6,,0.02,9.43,
1793,0.20326,16.731423,14.36,0.2428957,119.5,a,4.5,a,,9.65,a,0.014154596,1.165140877,7.8,,0.02,8.92,
1794,0.20931,16.960392,14.589,0.249602175,119.25,a,4.68,a,,13.72,a,0.014347111,1.162546576,8.5,,0.02,8.95,
1795,0.21554,17.192554,14.822,0.267398924,124.06,a,4.86,a,,18.09,a,0.014541897,1.159934827,9.4,,0.02,8.84,
1796,0.22195,17.427806,15.059,0.310397075,139.85,a,5.23,a,,19.09,a,0.014738694,1.15730168,10,,0.02,8.74,
1797,0.22856,17.666251,15.299,0.359204896,157.16,a,5.95,a,,25.22,a,0.014939539,1.154732401,9,,0.02,9.35,
1798,0.23536,17.907992,15.544,0.391191856,166.21,a,6.81,a,,20.15,a,0.015141534,1.152083891,8.8,,0.03,11.45,
1799,0.24236,18.153029,15.792,0.426602072,176.02,a,5.72,a,,19.57,a,0.015347011,1.149507915,9.9,,0.03,13.11,
1800,0.24957,18.401465,16.044,0.441339588,176.84,a,5.43,a,,19.84,a,0.015555348,1.146937484,36.5,,0.03,12.7,
1801,0.257,18.6533,16.3,0.4560979,177.47,a,6.52,a,,19.84,a,0.015766871,1.144374233,11.7,,0.03,12.29,
1802,0.26382,18.870012,16.508,0.498593418,188.99,a,7.54,a,,24.83,a,0.015981342,1.143082869,-23,,0.04,14.82,
1803,0.27083,19.089299,16.718,0.516391561,190.67,a,7.53,a,,20.23,a,0.016199904,1.14184107,-5.9,,0.04,15.21,
1804,0.27802,19.311161,16.931,0.52378968,188.4,a,7.45,a,,19.06,a,0.016420767,1.14058006,3.2,,0.04,15.25,
1805,0.2854,19.535598,17.147,0.53960578,189.07,a,7.25,a,,22,a,0.016644311,1.139301219,16.2,,0.05,17.59,
1806,0.29298,19.76261,17.365,0.564396672,192.64,a,7.61,a,,24.37,a,0.016871869,1.138071408,-4.4,,0.06,18.77,
1807,0.30076,19.992197,17.586,0.583113488,193.88,a,7.71,a,,24.24,a,0.01710224,1.136824576,-1.9,,0.06,19.98,
1808,0.30875,20.224565,17.811,0.591287125,191.51,a,7.71,a,,23.74,a,0.017334793,1.135509797,3.4,,0.06,20.99,
1809,0.31694,20.459611,18.037,0.598984906,188.99,a,7.29,a,,24.61,a,0.017571658,1.134313411,9.7,,0.07,21.52,
1810,0.32536,20.697335,18.267,0.607414584,186.69,a,7.44,a,,25.05,a,0.017811354,1.133045109,3.2,,0.07,21.27,
1811,0.334,20.93784,18.5,0.6095834,182.51,a,7.31,a,,24.43,a,0.018054054,1.131775135,-2.9,,0.07,21.86,
1812,0.33278,21.530399,18.736,0.625992458,188.11,a,7.39,a,,26.23,a,0.017761529,1.149145976,13.2,,0.07,21.34,
1813,0.33156,22.139747,18.975,0.652311144,196.74,a,7.96,a,,28.59,a,0.017473518,1.166785086,2.5,,0.07,21.2,
1814,0.33035,22.766399,19.217,0.72551467,219.62,a,8.26,a,,33.66,a,0.017190508,1.184700994,-12.7,,0.07,22.61,
1815,0.32915,23.410664,19.462,0.744899365,226.31,a,9.11,a,,34.3,a,0.016912445,1.202890967,-10.7,,0.08,23.67,
1816,0.32795,24.073263,19.71,0.77829094,237.32,a,9.82,a,,30.34,a,0.016638762,1.221373059,-8.4,,0.08,24.12,
1817,0.32675,24.754608,19.962,0.755086575,231.09,a,10.07,a,,21.82,a,0.0163686,1.240086564,13.5,,0.07,21.18,
1818,0.32555,25.455111,20.217,0.84330472,259.04,a,9.68,a,,18.03,a,0.016102785,1.259094376,0.3,,0.06,17.69,
1819,0.32437,26.175596,20.474,0.844302673,260.29,a,9.65,a,,17.76,a,0.01584302,1.278479828,-2.5,,0.06,18.34,
1820,0.32318,26.916372,20.736,0.84010641,259.95,a,9.62,a,,17.79,a,0.015585455,1.298050347,-9.3,,0.06,17.98,
1821,0.322,27.67816,21,0.8382948,260.34,a,9.94,a,,18.14,a,0.015333333,1.318007619,-12,,0.06,18.6,
1822,0.33684,29.220791,21.291,0.831085332,246.73,a,9.47,a,,16.74,a,0.015820769,1.37244803,-13.5,,0.06,18.29,
1823,0.35236,30.849427,21.586,0.836115044,237.29,a,8.91,a,,16.03,a,0.016323543,1.429140508,6.8,,0.06,17,
1824,0.3686,32.568806,21.886,0.8286128,224.8,a,8.14,a,,14.73,a,0.016841817,1.488111395,8.6,,0.06,15.87,
1825,0.38558,34.384078,22.189,0.820205776,212.72,a,7.83,a,,14.39,a,0.017377079,1.549600162,17.4,,0.06,15.48,
1826,0.40335,36.300496,22.497,0.811015845,201.07,a,7.24,a,,13.41,a,0.017929057,1.613570521,-5.5,,0.06,14.31,
1827,0.42194,38.323725,22.809,0.809998218,191.97,a,6.92,a,,13.3,a,0.018498838,1.680201894,-6.5,,0.06,13.08,
1828,0.44138,40.459739,23.125,0.80640126,182.7,a,6.66,a,,12.66,a,0.019086703,1.749610335,-2.9,,0.05,12.39,
1829,0.46172,42.714718,23.445,0.80131506,173.55,a,6.35,a,,11.59,a,0.019693751,1.821911623,-1,,0.06,12.24,
1830,0.483,43.782,23.77,0.7982058,165.26,a,6.02,a,,11.12,a,0.020319731,1.841901557,-3.6,,0.06,11.45,
1831,0.48,45.739,24.1,0.786192,163.79,a,6.08,a,,10.81,a,0.019917012,1.897883817,9.9,,0.05,11.35,
1832,0.459,45.087,24.366,0.7842015,170.85,a,6.17,a,,11.22,a,0.018837725,1.850406304,-7.4,,0.05,11.02,
1833,0.453,45.739,24.636,0.7830105,172.85,a,6.25,a,,11.17,a,0.018387725,1.856591979,-6.1,,0.05,11.28,
1834,0.481,47.695,24.908,0.7812883,162.43,a,5.93,a,,10.15,a,0.019311065,1.914846636,-7.8,,0.05,10.44,
1835,0.508,50.117,25.183,0.7749032,152.54,a,5.61,a,,9.63,a,0.020172338,1.990112377,1.7,,0.05,9.92,
1836,0.542,51.049,25.462,0.7903986,145.83,a,5.28,a,,12.03,a,0.021286623,2.004909277,11,,0.05,9.23,
1837,0.521,50.676,25.743,0.790878,151.8,a,5.64,a,,10.36,a,0.020238511,1.968535136,2.5,,0.05,10.1,
1838,0.553,53.471,26.028,0.7889098,142.66,a,5.35,a,,9.24,a,0.02124635,2.054364531,0.7,,0.05,9.11,
1839,0.582,55.799,26.315,0.788901,135.55,a,5.05,a,,8.88,a,0.022116664,2.120425613,7.3,,0.05,8.81,
1840,0.546,54.216,26.606,0.788697,144.45,a,5.42,a,,9.78,a,0.020521687,2.037735849,1.8,,0.05,9.49,
1841,0.52,52.26,26.9,0.790192,151.96,a,5.67,a,,10.23,a,0.019330855,1.942750929,-2.3,,0.05,9.92,
1842,0.5,51.887,26.959,0.7939,158.78,a,5.94,a,,10.86,a,0.018546682,1.924663378,-7.6,,0.05,10.5,
1843,0.498,53.471,27.019,0.7935132,159.34,a,5.94,a,,11.06,a,0.018431474,1.979014767,-11.3,,0.05,10.26,
1844,0.543,56.358,27.079,0.7945176,146.32,a,5.41,a,,10.2,a,0.020052439,2.081243768,-0.1,,0.06,10.44,
1845,0.575,59.339,27.138,0.7898775,137.37,a,5.32,a,,9.53,a,0.021188002,2.186564964,4.9,,0.06,10.12,
1846,0.614,63.345,27.198,0.7872094,128.21,a,4.66,a,,8.75,a,0.022575189,2.329031546,4,,0.06,9.36,
1847,0.638,61.761,27.258,0.7851866,123.07,a,4.44,a,,8.68,a,0.023405973,2.265793529,12,,0.06,9.12,
1848,0.614,63.718,27.319,0.792674,129.1,a,4.63,a,,9.63,a,0.0224752,2.332369413,-12.1,,0.06,9.14,
1849,0.625,64.649,27.379,0.7943125,127.09,a,4.59,a,,9.44,a,0.022827715,2.361262281,-6.3,,0.06,9.25,
1850,0.572,63.531,27.439,0.7934784,138.72,a,4.98,a,,9.7,a,0.020846241,2.315354058,-6.4,,0.06,9.98,
1851,0.601,66.326,27.5,0.789714,131.4,a,4.71,a,,9.1,a,0.021854545,2.411854545,-3,,0.06,9.5,
1852,0.607,67.63,27.656,0.7857008,129.44,a,4.65,a,,8.9,a,0.021948221,2.445400636,0,,0.06,9.28,
1853,0.678,69.586,27.813,0.7822764,115.38,a,4.14,a,,8.16,a,0.02437709,2.501923561,9.3,,0.06,8.45,
1854,0.718,70.797,27.971,0.7744348,107.86,a,3.91,a,,7.77,a,0.025669443,2.531085767,15.1,,0.06,8.15,
1855,0.739,71.822,28.129,0.7797189,105.51,a,3.79,a,,9.35,a,0.026271819,2.553307974,3.3,,0.06,8.44,
1856,0.769,74.803,28.289,0.8065272,104.88,a,3.67,a,,12.11,a,0.027183711,2.644243345,0,,0.07,9.06,
1857,0.779,75.958,28.449,0.8120296,104.24,a,3.7,a,,9.77,a,0.027382333,2.669970825,-5.6,,0.07,9.27,
1858,0.752,75.696,28.611,0.8089264,107.57,a,3.82,a,,9.07,a,0.026283597,2.645695711,-8.4,,0.07,8.9,
1859,0.794,78.988,28.773,0.8087684,101.86,a,3.61,a,,8.16,a,0.027595315,2.745212526,-1.8,,0.06,8.1,
1860,0.812,80.485,28.936,0.8059912,99.26,a,3.53,a,,8.57,a,0.02806193,2.781483273,3.7,,0.07,8.63,
1861,0.847,81.824,29.1,0.8056664,95.12,a,3.11,a,,8.61,a,0.029106529,2.811821306,2.7,,0.07,8.23,
1862,0.86,82.645,29.341,0.804702,93.57,a,3.06,a,,8.41,a,0.029310521,2.816706997,-2.6,,0.07,8.02,
1863,0.896,84.669,29.584,0.8038912,89.72,a,2.92,a,,7.85,a,0.030286641,2.861986209,-3.6,,0.07,7.68,
1864,0.945,86.095,29.829,0.7948395,84.11,a,2.77,a,,7.17,a,0.031680579,2.886285159,-0.9,,0.07,7.24,
1865,0.975,89.737,30.075,0.79092,81.12,a,2.71,a,,6.88,a,0.032418953,2.983773899,0.9,,0.07,7.05,
1866,1.02,90.773,30.324,0.782136,76.68,a,2.57,a,,6.52,a,0.033636723,2.993437541,6.5,,0.07,6.48,
1867,1.002,89.92,30.575,0.778053,77.65,a,2.6,a,,6.71,a,0.032771872,2.940964841,6.1,,0.07,6.77,
1868,1.001,92.662,30.828,0.7498491,74.91,a,3.12,a,,10.5,a,0.032470481,3.005773972,-1.7,,0.09,9.18,
1869,1.006,94.317,31.083,0.750979,74.65,a,3.14,a,,10.67,a,0.032364958,3.034359618,-5,,0.09,9.37,
1870,1.064,101.901,31.341,0.7483112,70.33,a,3.06,a,,9.16,a,0.03394914,3.251364028,0,,0.1,9.07,
1871,1.15,107.341,31.6,0.73807,64.18,a,2.85,a,,8.77,a,0.036392405,3.396867089,1.4,,0.09,7.86,
1872,1.22,107.794,31.925,0.73688,60.4,a,2.73,a,,8.54,a,0.038214565,3.376476116,4.7,,0.1,7.88,
1873,1.28,108.797,32.253,0.73216,57.2,a,2.65,a,,8.17,a,0.039686231,3.373236598,3.1,,0.1,7.66,
1874,1.272,113.092,32.584,0.7279656,57.23,a,2.71,a,,8.97,a,0.039037564,3.470783206,-3.3,,0.1,8.07,
1875,1.245,114.371,32.919,0.7199835,57.83,a,2.86,a,,9.39,a,0.037820104,3.474315745,-1.9,,0.11,8.53,
1876,1.229,115.193,33.257,0.72511,59,a,2.93,a,,9.87,a,0.036954626,3.463721923,-0.3,,0.11,8.71,
1877,1.216,115.915,33.598,0.72656,59.75,a,3.01,a,,10.49,a,0.036192631,3.450056551,-0.7,,0.11,9.21,
1878,1.184,116.298,33.943,0.7313568,61.77,a,3.13,a,,11.18,a,0.034882008,3.426273458,-2.2,,0.12,9.76,
1879,1.142,114.085,34.292,0.7353338,64.39,a,3.31,a,,12.14,a,0.033302228,3.326869241,-4.4,,0.12,10.55,
1880,1.218,122.156,34.644,0.7377426,60.57,a,3.15,a,,11.13,a,0.035157603,3.526036254,3,,0.11,9.12,
1881,1.243,124.821,35,0.7312569,58.83,a,3.2,a,,11.03,a,0.035514286,3.566314286,-1.1,3.5,0.12,9.76,
1882,1.283,126.887,35.28,0.727461,56.7,a,3.41,a,,11.14,a,0.036366213,3.596570295,1,2.8,0.12,9.71,
1883,1.285,130.65,35.562,0.7269245,56.57,a,3.11,a,,11.22,a,0.036134076,3.673865362,-0.5,2.5,0.13,9.87,
1884,1.244,129.487,35.846,0.6547172,52.63,a,3.13,a,,11.41,a,0.034704012,3.612313787,-2.7,5.8,0.13,10.14,
1885,1.217,128.516,36.132,0.6542592,53.76,a,3.2,a,,12.06,a,0.033682055,3.556847116,-3,8.8,0.13,10.39,
1886,1.226,129.322,36.421,0.656523,53.55,a,2.73,a,,12.26,a,0.033661898,3.550753686,-1.6,9.8,0.13,10.62,
1887,1.278,134.534,36.712,0.6552306,51.27,a,3.03,a,,11.58,a,0.034811506,3.66457834,-0.5,8.7,0.13,10.34,
1888,1.333,138.72,37.006,0.6270432,47.04,a,2.72,a,,10.95,a,0.036021186,3.748581311,0.7,4.9,0.13,9.83,
1889,1.408,143.199,37.301,0.6231808,44.26,a,2.58,a,,10.3,a,0.037746977,3.839012359,1.4,2.1,0.13,9.38,
1890,1.442,144.468,37.6,0.6181854,42.87,a,2.47,a,,10.43,a,0.038351064,3.842234043,0.2,2.1,0.14,9.49,
1891,1.444,147.844,37.9,0.6155772,42.63,a,2.44,a,,10.78,a,0.038100264,3.900897098,0.7,3.5,0.14,9.57,
1892,1.405,144.927,38.255,0.6132825,43.65,a,2.5,a,,11.68,a,0.036727225,3.788445955,0.4,6.3,0.14,10.07,
1893,1.406,144.012,38.613,0.6103446,43.41,a,2.63,a,,12.53,a,0.036412607,3.729624738,-0.7,7.5,0.14,10.1,
1894,1.484,150.657,38.974,0.6090336,41.04,a,2.53,a,,12.48,a,0.038076667,3.865577051,-2,6.9,0.15,9.79,
1895,1.521,155.635,39.339,0.6033807,39.67,a,2.52,a,,12.51,a,0.038663921,3.956252065,-1,5.8,0.15,9.9,
1896,1.57,162.263,39.707,0.599112,38.16,a,2.43,a,,12.54,a,0.039539628,4.086508676,-0.3,3.3,0.16,10.23,
1897,1.616,164.103,40.079,0.5858,36.25,a,2.45,a,,12.72,a,0.040320367,4.094488385,1.5,3.3,0.17,10.27,
1898,1.705,171.48,40.454,0.5938515,34.83,a,2.35,a,,12.62,a,0.042146636,4.238888614,0.3,2.8,0.17,10,
1899,1.809,177.589,40.832,0.5913621,32.69,a,2.24,a,,12.67,a,0.044303487,4.349260384,0.7,2,0.17,9.6,
1900,1.885,177.011,41.214,0.5687045,30.17,a,2.22,a,,14.06,a,0.045736886,4.294924055,5.1,2.5,0.19,10.01,
1901,1.893,180.738,41.6,0.6292332,33.24,a,2.12,a,,17.25,a,0.045504808,4.344663462,0.5,3.3,0.2,10.67,
1902,1.906,183.457,41.965,0.6846352,35.92,a,2.3,a,,18.34,a,0.045418801,4.371666865,0,4,0.22,11.48,
1903,1.881,181.756,42.334,0.7151562,38.02,a,2.73,a,,18.41,a,0.044432371,4.293381207,0.4,4.7,0.23,12.38,
1904,1.881,183.846,42.705,0.7112061,37.81,a,2.73,a,,16.43,a,0.044046365,4.305022831,-0.2,6,0.23,12.22,
1905,1.949,189.23,43.08,0.7072921,36.29,a,2.76,a,0,17.82,a,0.045241411,4.392525534,0.4,5,0.23,11.91,
1906,2.033,193.978,43.459,0.6997586,34.42,a,2.75,a,0.04,15.18,a,0.046779723,4.463471318,0,3.6,0.24,11.57,
1907,2.113,197.667,43.84,0.6835555,32.35,a,2.59,a,0.04,14.44,a,0.048197993,4.508827555,1.2,3.7,0.24,11.26,
1908,2.011,190.316,44.225,0.669663,33.3,a,2.72,a,0.04,14.78,a,0.045472018,4.303357829,0.5,7.8,0.23,11.43,
1909,2.052,194.817,44.613,0.6646428,32.39,a,2.73,a,0.04,14.73,a,0.045995562,4.36682133,0.5,7.7,0.24,11.54,
1910,2.14,199.947,45.005,0.67731,31.65,a,2.66,a,0.04,15.95,a,0.047550272,4.442773025,0.9,4.7,0.22,10.36,
1911,2.227,206.544,45.4,0.6507294,29.22,a,2.56,a,0.04,14.97,a,0.049052863,4.549427313,0.1,3,0.29,13.01,
1912,2.327,209.596,45.133,0.635271,27.3,a,2.52,a,0.03,14.78,a,0.051558726,4.643963397,3,4,0.27,11.72,
1913,2.42,218.23,44.868,0.625086,25.83,a,2.51,a,0.03,14.97,a,0.05393599,4.863822769,-0.4,3.6,0.28,11.57,
1914,2.451,222.604,44.604,0.620103,25.3,a,2.43,a,0.03,15.61,a,0.054950229,4.990673482,-0.3,4.2,0.29,11.96,
1915,2.943,234.636,44.342,1.0768437,36.59,a,2.14,a,0.03,25.72,a,0.066370484,5.291506923,12.5,1.2,0.32,11.03,
1916,3.434,237.307,44.081,2.1071024,61.36,a,2.98,a,0.02,50.85,a,0.077902044,5.383430503,18.1,0.6,0.44,12.71,
1917,4.276,235.858,43.822,3.98737,93.25,a,3.98,a,0.02,55.7,a,0.09757656,5.382182465,25.2,0.7,0.67,15.69,
1918,5.108,240.391,43.564,5.8496816,114.52,a,4.56,a,0.02,56.64,a,0.117252778,5.518111285,22,0.8,0.81,15.84,
1919,5.484,221.514,43.308,7.414368,135.2,a,5.7,a,0.01,51.17,a,0.126627875,5.114851759,10.1,6,1,18.29,
1920,5.975,199.807,43.053,7.809325,130.7,a,6.27,a,1.68,33.22,a,0.138782431,4.640954173,15.4,3.9,1.49,24.89,
1921,4.907,180.404,44.072,7.55678,154,a,7.94,a,2.25,34.05,a,0.111340534,4.09339263,-8.6,16.9,1.63,33.24,
1922,4.458,189.982,44.268,7.6378914,171.33,a,8.56,a,2.15,36.39,a,0.100704798,4.291632782,-14,14.3,1.35,30.3,
1923,4.254,195.61,44.465,7.7286672,181.68,a,9.17,a,1.94,30.16,a,0.095670752,4.399190374,-6,11.7,1.12,26.43,
1924,4.366,204.842,44.663,7.627402,174.7,a,8.61,a,1.64,27.21,a,0.097754293,4.58639142,-0.7,10.3,1.04,23.71,
1925,4.508,212.051,44.862,7.58471,168.25,a,8.5,a,1.59,27.17,a,0.100485935,4.72673978,0.3,11.3,1,22.11,
1926,4.349,205.435,45.062,7.5459499,173.51,a,8.89,a,1.62,29.89,a,0.096511473,4.558941015,-0.8,12.5,1.02,23.44,
1927,4.599,221.234,45.263,7.54236,164,a,8.77,a,1.43,29.56,a,0.101606168,4.887744957,-2.4,9.7,1.03,22.32,
1928,4.599,223.209,45.464,7.5152259,163.41,a,8.88,a,1.35,29.17,a,0.101156959,4.909576808,-0.3,10.8,1.07,23.36,
1929,4.692,229.578,45.667,7.4879628,159.59,a,8.8,a,1.25,28.23,a,0.102743776,5.027218779,-0.9,10.4,1.08,23.01,
1930,4.615,227.751,45.87,7.456917,161.58,a,8.96,a,1.22,29.38,a,0.100610421,4.965140615,-2.8,16,1.05,22.73,
1931,4.316,217.185,46.074,7.4015084,171.49,a,9.41,a,1.27,32.06,a,0.093675392,4.713829926,-4.3,21.3,1.09,25.23,
1932,4.223,217.333,46.284,7.4223448,175.76,a,9.6,a,1.23,33.08,a,0.091241034,4.695639962,-2.6,22.1,1.08,25.61,
1933,4.298,224.245,46.495,7.6319586,177.57,a,9.38,a,1.15,31.93,a,0.092440047,4.82299172,-2.1,19.9,1.05,24.51,
1934,4.517,237.625,46.706,7.8103447,172.91,a,7.72,a,1.08,29.21,a,0.096711343,5.087676102,0,16.7,1.05,23.24,
1935,4.72,246.413,46.919,7.788472,165.01,a,7.09,a,0.99,28.56,a,0.100598905,5.251880901,0.7,15.5,1.07,22.71,
1936,4.987,258.164,47.133,7.7837096,156.08,a,6.7,a,0.92,28.65,a,0.105806972,5.477351325,0.7,13.1,1.09,21.96,
1937,5.334,267.199,47.348,7.784973,145.95,a,6.3,a,0.84,28.62,a,0.112655234,5.643300667,3.4,10.8,1.16,21.79,
1938,5.502,269.272,47.563,8.013663,145.65,a,6.28,a,0.8,28.87,a,0.115678153,5.661375439,1.6,12.9,1.22,22.22,
1939,5.918,281.122,47.78,8.1496778,137.71,a,5.95,a,0.72,29.14,a,0.123859355,5.883675178,2.8,9.3,1.29,21.74,
1940,7.183,309.016,47.997,7.8991451,109.97,a,5.06,a,0.58,29.71,a,0.149655187,6.438235723,16.8,6,1.43,19.97,
1941,8.654,335.924,48.216,10.3666266,119.79,a,4.29,a,0.48,54.08,a,0.179483989,6.967064875,10.8,2.2,1.81,20.87,
1942,9.482,341.947,48.42,13.0415428,137.54,a,4.39,a,0.43,59.8,a,0.19582817,7.062102437,7.1,0.8,2.49,26.3,
1943,10.093,347.822,48.624,15.8227961,156.77,a,4.65,a,0.4,64.37,a,0.207572392,7.153298782,3.4,0.6,3.25,32.2,
1944,10.18,332.517,48.829,18.562212,182.34,a,5.14,a,0.39,65.45,a,0.208482664,6.809826128,2.7,0.6,3.48,34.22,
1945,9.908,317.311,49.035,21.3656112,215.64,a,5.77,a,0.4,70.34,a,0.202059753,6.471112471,2.8,1.3,3.7,37.33,
1946,9.968,309.51,49.242,23.6361216,237.12,a,6.06,a,0.42,64.81,a,0.202428821,6.285487998,3.1,2.5,3.77,37.82,
1947,10.772,305.56,49.45,25.6308968,237.94,a,5.84,a,0.9,49.06,a,0.217836198,6.17917088,7,3.1,3.77,35.01,
1948,11.974,314.496,49.659,25.6207678,213.97,a,5.39,a,2.96,39.21,a,0.241124469,6.333111823,7.7,1.8,4.06,33.87,
1949,12.726,324.95,49.868,25.1682102,197.77,a,4.83,a,2.88,36,a,0.255193711,6.516202775,2.8,1.6,5.01,39.38,
1950,13.308,335.288,50.079,25.8028812,193.89,a,4.71,a,2.79,35.89,a,0.265740131,6.695181613,3.1,1.6,5.38,40.41,
1951,14.784,344.425,50.29,25.9222656,175.34,a,4.01,a,1.98,38.01,a,0.293974945,6.848777093,9.1,1.3,5.57,37.69,
1952,15.983,344.614,50.536,25.8908617,161.99,a,4.09,a,2.12,39.07,a,0.31626959,6.819178407,9.2,2.2,6.01,37.61,
1953,17.121,357.84,50.784,26.0513136,152.16,a,4,a,2.18,38.41,a,0.337133743,7.0463138,3.1,1.8,6.34,37.02,
1954,18.126,372.531,51.032,26.5835916,146.66,a,3.81,a,2.11,36.24,a,0.355188901,7.299949052,1.8,1.5,6.46,35.66,
1955,19.49,385.425,51.282,26.933231,138.19,a,3.96,a,2.32,34.95,a,0.38005538,7.515795016,4.5,1.2,6.73,34.52,
1956,20.956,389.004,51.533,27.0395268,129.03,a,3.82,a,2.33,35.1,a,0.406652048,7.548638736,4.9,1.3,7.18,34.28,
1957,22.105,395.426,51.785,27.007889,122.18,a,3.65,a,2.31,34.55,a,0.42686106,7.635917737,3.7,1.6,7.68,34.76,
1958,23.05,396.699,52.039,27.23127,118.14,a,3.91,a,2.87,35.12,a,0.442937028,7.623109591,3,2.2,8.07,35.03,
1959,24.348,413.664,52.294,27.3768912,112.44,a,3.76,a,2.97,35.21,a,0.465598348,7.910353004,0.6,2.3,8.48,34.84,
1960,25.977,435.716,52.55,27.7330452,106.76,a,3.99,a,2.87,35.2,a,0.49432921,8.291455756,1,1.7,8.54,32.88,
1961,27.413,445.87,52.807,28.2518378,103.06,a,4.59,a,3.09,37.6,a,0.519116784,8.443388187,3.4,1.6,9.07,33.07,
1962,28.711,450.695,53.111,28.6736757,99.87,a,4.38,a,3.15,38.31,a,0.540584813,8.485906874,4.3,2.1,10.07,35.08,
1963,30.409,470.067,53.417,29.8464335,98.15,a,4.23,a,3.38,38.31,a,0.569275699,8.799951326,2,2.6,10.53,34.63,
1964,33.228,495.835,53.725,30.2275116,90.97,a,4.07,a,3.4,38.35,a,0.618483015,9.229129828,3.3,1.7,11.13,33.49,
1965,35.888,506.915,54.034,30.4402016,84.82,a,4.06,a,3.73,39.35,a,0.664174409,9.381408002,4.8,1.5,12.32,34.33,
1966,38.189,516.673,54.345,31.3417123,82.07,a,4.07,a,3.73,40.04,a,0.702714141,9.507277578,3.9,1.6,13.88,36.35,
1967,40.281,529.418,54.658,31.9871421,79.41,a,4.25,a,3.73,43.43,a,0.736964397,9.686011197,2.5,2.5,15.03,37.32,
1968,43.656,551.664,54.973,34.1957448,78.33,a,4.37,a,3.91,43.73,a,0.794135303,10.03518091,4.7,2.5,16.62,38.07,
1969,47.023,563.097,55.289,33.9835221,72.27,a,4.33,a,3.76,42.08,a,0.850494673,10.18461177,5.4,2.5,19.03,40.47,
1970,51.696,575.736,55.608,33.0802704,63.99,a,4.1,a,3.83,41.77,a,0.92965041,10.35347432,6.4,3,21.15,40.92,
1971,57.67,587.805,55.928,33.442833,57.99,a,3.89,a,3.71,42.03,a,1.031147189,10.51003075,9.4,4.1,22.99,39.86,
1972,64.621,609.275,55.97,35.8388066,55.46,a,3.54,a,3.96,40.84,a,1.154564946,10.88574236,7.1,4.3,24.61,38.09,
1973,74.545,653.124,56.013,36.884866,49.48,a,3.67,a,4.04,40.98,a,1.330851767,11.66022173,9.2,3.7,26.34,35.33,36.5
1974,84.513,644.539,56.055,40.4563731,47.87,a,4.27,a,4.49,46.4,a,1.507679957,11.498332,16,3.7,29.74,35.18,40
1975,106.717,640.534,56.097,46.4005516,43.48,a,3.95,a,4.56,48.28,a,1.902365545,11.41832897,24.2,4.5,37.87,35.48,42.25
1976,126.274,657.418,56.14,56.5833794,44.81,a,4.27,a,4.71,46.3,a,2.249269683,11.71033131,16.5,5.4,47.9,37.93,42.25
1977,146.973,673.025,56.182,67.166661,45.7,a,4.33,a,4.7,42.09,a,2.616015806,11.97937062,15.8,5.6,56.44,38.4,41.5
1978,169.344,694.765,56.225,79.1852544,46.76,a,4.26,a,4.66,42.49,a,3.011898622,12.35686972,8.3,5.5,62.98,37.19,39.75
1979,199.22,713.38,56.267,86.879842,43.61,a,4.5,a,4.6,42.75,a,3.540618835,12.67847939,13.4,5.4,69.84,35.06,33.75
1980,233.184,698.528,56.31,98.1937824,42.11,a,4.87,a,4.68,44.54,a,4.141076185,12.40504351,18,6.8,85.02,36.46,34
1981,256.279,689.289,56.358,113.787876,44.4,a,5.16,a,5,45.29,a,4.547340218,12.23054402,11.9,9.6,100.95,39.39,34
1982,281.024,703.711,56.465,125.196192,44.55,a,5.08,a,5.05,45.56,a,4.976959178,12.46278225,8.6,10.7,119.58,42.55,34
1983,307.207,729.215,56.572,132.4983791,43.13,a,4.52,a,5.02,43.2,a,5.430371915,12.89003394,4.6,11.5,129.79,42.25,34
1984,329.913,748.691,56.68,143.8090767,43.59,a,4.36,a,4.86,42.59,a,5.820624559,13.2090861,5,11.8,137.96,41.82,34
1985,361.758,775.643,56.788,157.183851,43.45,a,4.42,a,4.73,41.71,a,6.370324716,13.65857223,6.1,11.4,147.66,40.82,34
1986,389.149,806.765,56.896,162.7031969,41.81,a,4.57,a,4.85,40.76,a,6.839654809,14.17964356,3.4,11.3,157.84,40.56,33.25
1987,428.665,843.572,57.004,167.779481,39.14,a,4.11,a,4.68,38.4,a,7.519910883,14.79847028,4.2,10.4,164.64,38.41,31.75
1988,478.51,886.02,57.112,167.382798,34.98,a,3.76,a,4.34,36.28,a,8.378449363,15.51372741,4.9,8.6,178.85,37.38,27.75
1989,525.274,906.236,57.221,153.905282,29.3,a,3.52,a,4.22,34.25,a,9.179741703,15.83747226,7.8,7.2,196.97,37.5,27.75
1990,570.283,913.299,57.33,152.2085327,26.69,a,3.3,a,4.2,35.23,a,9.947374847,15.93055992,9.5,7.1,211.2,37.03,27.75
1991,598.664,900.58,57.439,151.2823928,25.27,a,3.11,a,4.5,36.45,a,10.42260485,15.67889413,5.9,8.9,221.61,37.02,27.75
1992,622.08,901.901,57.604,166.09536,26.7,a,2.7,a,4.52,37.97,a,10.79925005,15.65691619,3.7,9.9,231.54,37.22,27.5
1993,654.196,921.945,57.77,202.6045012,30.97,a,3.25,a,5.28,39.7,a,11.32414748,15.9588887,1.6,10.4,227.43,34.76,27.5
1994,692.987,961.407,57.936,249.8218135,36.05,a,3,a,5.96,39.18,a,11.96125035,16.5942937,2.4,9.5,235.17,33.94,27.5
1995,733.266,990.751,58.103,290.006703,39.55,a,3.68,a,5.64,39.42,a,12.62010567,17.05163245,3.5,8.6,255.86,34.89,27.5
1996,781.726,1019.337,58.27,322.071112,41.2,a,3.85,a,5.81,38.93,a,13.41558263,17.49334134,2.4,8.1,276.62,35.39,27
1997,830.013,1054.232,58.438,348.0244509,41.93,a,3.8,a,5.96,37.15,a,14.20330949,18.04017934,3.1,6.9,288.65,34.78,26.5
1998,879.152,1094.704,58.606,352.8916128,40.14,a,3.37,a,5.92,36.22,a,15.00105791,18.6790431,3.4,6.2,317,36.06,26.5
1999,928.871,1134.723,58.775,351.5776735,37.85,a,3.15,a,6.66,35.81,a,15.80384517,19.30621863,1.5,6,336.36,36.21,24
2000,976.282,1185.305,58.944,345.4085716,35.38,a,2.59,a,6.73,34.91,a,16.56287324,20.10900176,3,5.4,359.71,36.84,23.5
2001,1021.625,1222.65,59.114,312.412925,30.58,a,2.58,a,7.18,35.83,a,17.28228508,20.68291775,1.8,5.1,382.94,37.48,23.5
2002,1075.368,1255.142,59.455,315.5129712,29.34,a,2.08,a,7.28,36.18,a,18.08709108,21.11078967,1.7,5.2,389.9,36.26,23.5
2003,1139.441,1299.381,59.799,347.0737286,30.46,a,1.86,a,7.01,36.9,a,19.05451596,21.72914263,2.9,5,396.08,34.76,23.5
2004,1202.37,1337.782,60.145,382.834608,31.84,a,1.87,a,6.8,37.85,a,19.99118796,22.24261368,3,4.8,423.31,35.21,23.5
2005,1254.292,1365.685,60.493,423.950696,33.8,a,1.94,a,6.88,39.21,a,20.73449821,22.57591787,2.8,4.8,453.2,36.13,23.5
2006,1328.597,1401.29,60.843,463.0160545,34.85,a,1.98,a,6.76,39.4,a,21.83648078,23.03124435,3.2,5.4,487.76,36.71,23.5
2007,1405.796,1449.861,61.194,500.0416372,35.57,a,2,a,6.68,39.08,a,22.97277511,23.69286205,4.3,5.3,518.85,36.91,23.5
2008,1433.87,1433.871,61.548,524.939807,36.61,a,2.14,a,6.89,40.61,a,23.2967765,23.29679275,4,5.7,549.05,38.29,22.5
2009,1393.854,1371.163,61.904,616.9197804,44.26,a,2.25,a,7.79,45.47,a,22.5163802,22.14982877,-0.5,7.6,535.87,38.45,22.5
2010,1432.9,1395.312,62.262,759.437,53,a,2.14,a,8.12,46.97,a,23.01403745,22.41033054,4.6,7.9,516,36.01,22.5
2011,1499,1410.903,62.649,905.2461,60.39,a,3.03,a,8.13,46.31,a,23.92695813,22.52075851,5.2,8.1,555.43,37.05,22.5
2012,1546.7,1414.821,63.067,1104.03446,71.38,a,3.15,a,8.38,44.89,a,24.52471181,22.43361822,3.2,8,576.63,37.28,22.5
2013,1575.7,1438.339,63.488,1184.9264,75.2,e,3.04,a,8.83,42.77,a,24.81886341,22.65528919,3,7.6,593.4,37.66,22.5
2014,1641,,63.912,1257.9906,76.66,e,2.91,e,8.73,43.51,e,25.6759294,22.84655,,,619.8,37.77,22.5
2015,1720.4,,64.338,1354.98704,78.76,e,3.05,g,8.7,42.51,g,26.74002922,23.001,,,648.1,37.67,
2016,1888,,,1453.76,77,,,,,,,,,,,675.4,37.75,
2017,1956,,,1486.56,76,,,,,,,,,,,679.1,37.8,
2018,2038,,,1528.5,75,,,,,,,,,,,,,
2019,2124,,,1529.28,72,,,,,,,,,,,,,
